{
    "algorithm_type": "outlier",
    "commit": "bb711f54",
    "compilation_date": "2025-07-14T13:53:45.988358",
    "compilation_flags": {
        "float_abi": "soft",
        "fshort_enums": true,
        "short_wchar": true
    },
    "compilation_str": "{'compilation_dict':{'request_type':'library','api':{'env':'PROD','version':'v3'},'version':{'web_api':{'env':'PROD','version':'v3'},'local_api':{'version':'2025.04.04.1','platform':'win64'},'studio':'5.0.2'},'compilation_flags':{'float_abi':'soft','short_wchar':true,'fshort_enums':true,'use_knowledge':false},'mcu':'cortex-m4_stmicroelectronics_stm32f4-series','sensor':'multiGeneric','request_origin':'manual','algorithm_type':'outlier','lib_version':'v2_bb711f5','info':{'progression':{'evals_done':152301,'optimization_progress':0.761505,'elapsed_time':2852,'cpu_info':{'cpu_nb_cores':12,'cpu_nb_cores_for_optimization':9},'state':'paused'},'max_ram':1000,'max_flash':5000,'optimization_global_id':'35567f1b7d3ef587ff18b809eb69d2b3','version':{'local_api':'2025.04.04.1','studio':'5.0.2'},'creation_date':'2025-07-14T13:05:12+00:00'},'class_names':'nominal','results':[{'result_id':7,'combination':[0,[],0,0,18,1,0,3,4,0,0.0,0.0,1000000.0,2,0,0,0,0,0],'model':0,'performance':{'performance':{'score':0.9326,'precision':0.9753,'precision_confidence_interval':[0.9738,0.9767]},'memory_usage':{'estimated_ram':65,'estimated_flash':132,'estimated_flash_knowledge':null}},'learning_min_lines':null,'knowledge_dat':'eNrrzVxm-2PDUlvjuGW2dhzLbB_Mnup48tBUx-bXUxz5_aY6MjA0OKiur7WfYbvPLuxLhV3mywN2dbe4bfxeZThU6zM65EivtVv28Z09Axg0OAAxlM3gwAAHE4DmOCDxkYBKiScAtMYkKw=='}],'data':{'nb_cols':4,'nb_lines':[[{'file_type':'nominal','nb_lines':86400}]]},'only_emulators':false,'user_suffix':'Fan','lock_type':100},'sign':53633,'license_key':'***'}",
    "compile_emulators": true,
    "compile_library": true,
    "data": {
        "nb_cols": 4,
        "nb_lines": [
            [
                {
                    "file_type": "nominal",
                    "nb_lines": 86400
                }
            ]
        ]
    },
    "gcc_version": "arm-none-eabi-gcc (Arm GNU Toolchain 13.2.rel1 (Build arm-13.7)) 13.2.1 20231009",
    "learning_min_lines": null,
    "lib_limited": false,
    "library_id": "68750bea6d26428efdd075c0",
    "library_md5sum": "835e084c8a996af21588d64bbc94f201",
    "mcu": "cortex-m4_stmicroelectronics_stm32f4-series",
    "mcu_cpn": "",
    "mcu_display_name": "STM32F4 Series - STMicroelectronics",
    "mcu_family": "STM32F4 Series",
    "mcu_group": "prod",
    "mcu_type": "cortex-m4",
    "mcu_vendor": "STMicroelectronics",
    "memory_usage": {
        "flash": 1073,
        "ram": 57
    },
    "optimization_info": {
        "creation_date": "2025-07-14T13:05:12+00:00",
        "max_flash": 5000,
        "max_ram": 1000,
        "optimization_global_id": "35567f1b7d3ef587ff18b809eb69d2b3",
        "progression": {
            "cpu_info": {
                "cpu_nb_cores": 12,
                "cpu_nb_cores_for_optimization": 9
            },
            "elapsed_time": 2852,
            "evals_done": 152301,
            "optimization_progress": 0.761505,
            "state": "paused"
        },
        "version": {
            "local_api": "2025.04.04.1",
            "studio": "5.0.2"
        }
    },
    "performance": {
        "memory_usage": {
            "estimated_flash": 132,
            "estimated_flash_knowledge": null,
            "estimated_ram": 65
        },
        "performance": {
            "precision": 0.9753,
            "precision_confidence_interval": [
                0.9738,
                0.9767
            ],
            "score": 0.9326
        }
    },
    "request_type": "library",
    "sensor": "multiGeneric",
    "studio_info": {
        "local_api": {
            "platform": "win64",
            "version": "2025.04.04.1"
        },
        "studio": "5.0.2",
        "web_api": {
            "env": "PROD",
            "version": "v3"
        }
    },
    "user_info": {
        "company": "\u8d63\u5357\u79d1\u6280\u5b66\u9662",
        "email": "2322760123@qq.com",
        "first_name": "\u4f1f",
        "last_name": "\u5170"
    }
}